[
  {
    "appId": "",
    "url": "portal/sample/AntdExamples/Button",
    "name": "Button",
    "id": "8004",
    "description": "需求源A 描述需求源A 描述需求源A 描述需求源A 描述需求源A 描述需求源A 描述需求源A 描述需求源A 描述需求源A 描述需求源A 描述需求源A 描述需求源A 描述需求源A 描述需求源A 描述需求源A 描述需求源A 描述需求源A 描述需求源A 描述需求源A 描述"
  },
  {
    "appId": "",
    "url": "portal/sample/AntdExamples/Affix",
    "name": "Affix",
    "id": "8005",
    "description": "需求源A 描述需求源A 描述需求源A 描述需求源A 描述需求源A 描述需求源A 描述需求源A 描述需求源A 描述需求源A 描述需求源A 描述需求源A 描述需求源A 描述需求源A 描述需求源A 描述需求源A 描述需求源A 描述需求源A 描述需求源A 描述需求源A 描述"
  },
  {
    "appId": "",
    "url": "portal/sample/AntdExamples/Alert",
    "name": "Alert",
    "id": "8006",
    "description": "需求源A 描述需求源A 描述需求源A 描述需求源A 描述需求源A 描述需求源A 描述需求源A 描述需求源A 描述需求源A 描述需求源A 描述需求源A 描述需求源A 描述需求源A 描述需求源A 描述需求源A 描述需求源A 描述需求源A 描述需求源A 描述需求源A 描述"
  },
  {
    "appId": "",
    "url": "portal/sample/AntdExamples/Tooltip",
    "name": "Tooltip",
    "id": "8007",
    "description": "需求源A 描述需求源A 描述需求源A 描述需求源A 描述需求源A 描述需求源A 描述需求源A 描述需求源A 描述需求源A 描述需求源A 描述需求源A 描述需求源A 描述需求源A 描述需求源A 描述需求源A 描述需求源A 描述需求源A 描述需求源A 描述需求源A 描述"
  },
  {
    "appId": "",
    "url": "portal/sample/AntdExamples/Avatar",
    "name": "Avatar",
    "id": "8008",
    "description": "需求源A 描述需求源A 描述需求源A 描述需求源A 描述需求源A 描述需求源A 描述需求源A 描述需求源A 描述需求源A 描述需求源A 描述需求源A 描述需求源A 描述需求源A 描述需求源A 描述需求源A 描述需求源A 描述需求源A 描述需求源A 描述需求源A 描述"
  },
  {
    "appId": "",
    "url": "portal/sample/AntdExamples/Badge",
    "name": "Badge",
    "id": "8009",
    "description": "需求源A 描述需求源A 描述需求源A 描述需求源A 描述需求源A 描述需求源A 描述需求源A 描述需求源A 描述需求源A 描述需求源A 描述需求源A 描述需求源A 描述需求源A 描述需求源A 描述需求源A 描述需求源A 描述需求源A 描述需求源A 描述需求源A 描述"
  },
  {
    "appId": "",
    "url": "portal/sample/AntdExamples/Card",
    "name": "Card",
    "id": "8010",
    "description": "需求源A 描述需求源A 描述需求源A 描述需求源A 描述需求源A 描述需求源A 描述需求源A 描述需求源A 描述需求源A 描述需求源A 描述需求源A 描述需求源A 描述需求源A 描述需求源A 描述需求源A 描述需求源A 描述需求源A 描述需求源A 描述需求源A 描述"
  }
]